<?xml version="1.0" encoding="UTF-8"?>
<schemalist>
    <enum id='org.gnome.shell.extensions.pop-cosmic.clock'>
        <value value='0' nick='CENTER'/>
        <value value='1' nick='LEFT'/>
        <value value='2' nick='RIGHT'/>
    </enum>
    <schema id="org.gnome.shell.extensions.pop-cosmic" path="/org/gnome/shell/extensions/pop-cosmic/">
        <key name="clock-alignment" enum="org.gnome.shell.extensions.pop-cosmic.clock">
            <default>'CENTER'</default>
        </key>
    </schema>
</schemalist>
